PALAVRA-CHAVE-1,PALAVRA-CHAVE-2,PALAVRA-CHAVE-3,PALAVRA-CHAVE-4,PALAVRA-CHAVE-5,PALAVRA-CHAVE-6,MESTRADO_Id,DOUTORADO_Id,LIVRE-DOCENCIA_Id,TRABALHO-EM-EVENTOS_Id,ARTIGO-PUBLICADO_Id,LIVRO-PUBLICADO-OU-ORGANIZADO_Id,CAPITULO-DE-LIVRO-PUBLICADO_Id,OUTRA-PRODUCAO-BIBLIOGRAFICA_Id,PREFACIO-POSFACIO_Id,SOFTWARE_Id,PATENTE_Id,TRABALHO-TECNICO_Id,APRESENTACAO-DE-TRABALHO_Id,ORGANIZACAO-DE-EVENTO_Id,ORIENTACOES-CONCLUIDAS-PARA-MESTRADO_Id,ORIENTACOES-CONCLUIDAS-PARA-DOUTORADO_Id,ORIENTACOES-CONCLUIDAS-PARA-POS-DOUTORADO_Id,OUTRAS-ORIENTACOES-CONCLUIDAS_Id,DEMAIS-TRABALHOS_Id,BANCA-JULGADORA-PARA-CONCURSO-PUBLICO_Id,PARTICIPACAO-EM-CONGRESSO_Id,PARTICIPACAO-EM-SIMPOSIO_Id,PARTICIPACAO-EM-OFICINA_Id,PARTICIPACAO-EM-ENCONTRO_Id,ORIENTACAO-EM-ANDAMENTO-DE-MESTRADO_Id,ORIENTACAO-EM-ANDAMENTO-DE-DOUTORADO_Id
"Geometria","Linguagem","Logo","","","",0,,,,,,,,,,,,,,,,,,,,,,,,,
"Prolog","Paradigma da Programação em Lógica","ferramenta computacional","novatos","","",,0,,,,,,,,,,,,,,,,,,,,,,,,
"Design","Interface","Sistema Computacional","","","",,,0,,,,,,,,,,,,,,,,,,,,,,,
"Design - Modelagem - Primitivas","","","","","",,,,10,,,,,,,,,,,,,,,,,,,,,,
"Simulacao - Modelo - Aprendizagem","","","","","",,,,11,,,,,,,,,,,,,,,,,,,,,,
"Modelling - Simulation - Programming","","","","","",,,,12,,,,,,,,,,,,,,,,,,,,,,
"Jogos - Treinamento - Industria","","","","","",,,,13,,,,,,,,,,,,,,,,,,,,,,
"Jogos - Formacao - Industria","","","","","",,,,14,,,,,,,,,,,,,,,,,,,,,,
"Especialista - Empresa - Treinamento","","","","","",,,,15,,,,,,,,,,,,,,,,,,,,,,
"Design - Expert System - Training","","","","","",,,,16,,,,,,,,,,,,,,,,,,,,,,
"Model - Manufacture - Training","","","","","",,,,17,,,,,,,,,,,,,,,,,,,,,,
"Design","Usuário","Interface","","","",,,,18,,,,,,,,,,,,,,,,,,,,,,
"Analise","Interface","Semiotica","","","",,,,19,,,,,,,,,,,,,,,,,,,,,,
"Semiotica","Interface","Análise","","","",,,,20,,,,,,,,,,,,,,,,,,,,,,
"Design Centrado No Aprendiz","","","","","",,,,21,,,,,,,,,,,,,,,,,,,,,,
"Design","Formação","Jogos","","","",,,,22,,,,,,,,,,,,,,,,,,,,,,
"Comunicacao","Crianca","Interface","","","",,,,23,,,,,,,,,,,,,,,,,,,,,,
"Interface","Realidade Virtual","Teatro","","","",,,,24,,,,,,,,,,,,,,,,,,,,,,
"Cooperative Learning","Design","Game","","","",,,,25,,,,,,,,,,,,,,,,,,,,,,
"Game","Multi-User Software","Synchronous Simulation","","","",,,,26,,,,,,,,,,,,,,,,,,,,,,
"Design","Educational Software","Semiotics","","","",,,,27,,,,,,,,,,,,,,,,,,,,,,
"Semiotics","Interface","Design","","","",,,,28,,,,,,,,,,,,,,,,,,,,,,
"manufacture","computer game","","","","",,,,29,,,,,,,,,,,,,,,,,,,,,,
"logic programming environment","","","","","",,,,30,,,,,,,,,,,,,,,,,,,,,,
"Prolog","Novice users","","","","",,,,31,,,,,,,,,,,,,,,,,,,,,,
"Prolog programs","Novice users","","","","",,,,32,,,,,,,,,,,,,,,,,,,,,,
"program paradigms","","","","","",,,,33,,,,,,,,,,,,,,,,,,,,,,
"Metáforas","Interface","Comunicação Eletrônica","","","",,,,34,,,,,,,,,,,,,,,,,,,,,,
"Interface","Espaço de Comunicação","Semiótica","","","",,,,35,,,,,,,,,,,,,,,,,,,,,,
"Semiótica","Design","Interfaces","","","",,,,36,,,,,,,,,,,,,,,,,,,,,,
"Processo Comunicativo","Ambientes Virtuais","Aprendizagem","","","",,,,37,,,,,,,,,,,,,,,,,,,,,,
"Chat","educação inclusiva","","","","",,,,38,,,,,,,,,,,,,,,,,,,,,,
"Design process","Communication","Semiotics","","","",,,,39,,,,,,,,,,,,,,,,,,,,,,
"Participatory Design","Lean Organization","","","","",,,,40,,,,,,,,,,,,,,,,,,,,,,
"Human-Computer Interface","Geographic Information System","Cartography","Semiotics","","",,,,41,,,,,,,,,,,,,,,,,,,,,,
"Design for the Workplace","Manufacturing Systems","Learning Environments","","","",,,,42,,,,,,,,,,,,,,,,,,,,,,
"Human-Computer Interface","Geographic Information System","Semiotics","","","",,,,43,,,,,,,,,,,,,,,,,,,,,,
"Meta-comunicação","Interface","Comunicação","","","",,,,44,,,,,,,,,,,,,,,,,,,,,,
"Design","Interface","Realidade Virtual","Semiótica","","",,,,45,,,,,,,,,,,,,,,,,,,,,,
"Ferramentas de Comunicação Eletrônica","Interfaces","educação inclusiva","","","",,,,46,,,,,,,,,,,,,,,,,,,,,,
"Computer Semiotics","Domain Analysis","Interface Design","","","",,,,47,,,,,,,,,,,,,,,,,,,,,,
"Lean Production","Design for the Workplace","Participatory Practices","","","",,,,48,,,,,,,,,,,,,,,,,,,,,,
"learning environment","collaboration","manufacturing","shopfloor workers","","",,,,49,,,,,,,,,,,,,,,,,,,,,,
"CSCW","Manufacturing Systems","Agent - Trainig - Critics","","","",,,,50,,,,,,,,,,,,,,,,,,,,,,
"Communication","Semiotics","Design process","","","",,,,51,,,,,,,,,,,,,,,,,,,,,,
"collaboration","Cooperative Learning","learning environment","","","",,,,52,,,,,,,,,,,,,,,,,,,,,,
"Sistemas de Informação Geográfica","Realidade Virtual","Semiótica","","","",,,,53,,,,,,,,,,,,,,,,,,,,,,
"Realidade Virtual","Semiótica","Sistemas de Informação Geográfica","","","",,,,54,,,,,,,,,,,,,,,,,,,,,,
"Communication","Design process","Semiotics","","","",,,,55,,,,,,,,,,,,,,,,,,,,,,
"Interação Humano-Computador","Computer-based game","","","","",,,,56,,,,,,,,,,,,,,,,,,,,,,
"Semiotic System","Simulation","","","","",,,,57,,,,,,,,,,,,,,,,,,,,,,
"Comunicação","design de software","","","","",,,,58,,,,,,,,,,,,,,,,,,,,,,
"Interface Design","Semiotics","","","","",,,,59,,,,,,,,,,,,,,,,,,,,,,
"Participatory Design","Organisational Semiotics","Domain-Oriented Application","","","",,,,60,,,,,,,,,,,,,,,,,,,,,,
"Cartography","Interface Design","Semiotics","Geographic Information System","","",,,,61,,,,,,,,,,,,,,,,,,,,,,
"Sistemas de Informação Geográfica","Semiótica","","","","",,,,62,,,,,,,,,,,,,,,,,,,,,,
"Design Participativo","Criança","Interfaces","","","",,,,63,,,,,,,,,,,,,,,,,,,,,,
"Criança","Interfaces","","","","",,,,64,,,,,,,,,,,,,,,,,,,,,,
"collaboration","Game-based Design","Interface","","","",,,,65,,,,,,,,,,,,,,,,,,,,,,
"colaboração","design de software","","","","",,,,66,,,,,,,,,,,,,,,,,,,,,,
"Organisational Semiotics","Design for the Workplace","","","","",,,,67,,,,,,,,,,,,,,,,,,,,,,
"Semiotics","Participatory Design","Work Signs","","","",,,,68,,,,,,,,,,,,,,,,,,,,,,
"Organisational Semiotics","Interface Design","Lean Organization","","","",,,,69,,,,,,,,,,,,,,,,,,,,,,
"Organisational Semiotics","human-computer interaction","","","","",,,,70,,,,,,,,,,,,,,,,,,,,,,
"Criança e Mídia","Design de Interfaces","Design Participativo","","","",,,,71,,,,,,,,,,,,,,,,,,,,,,
"Participatory Design","Semiotics","Children","","","",,,,72,,,,,,,,,,,,,,,,,,,,,,
"Sistemas de Informação","Semiótica Organizacional","Interação Humano-Computador","","","",,,,73,,,,,,,,,,,,,,,,,,,,,,
"Semiotics","human-computer interaction","","","","",,,,74,,,,,,,,,,,,,,,,,,,,,,
"human-computer interaction","Organizations","Brazil","","","",,,,75,,,,,,,,,,,,,,,,,,,,,,
"Collaborative Learning System","Collaboration Analysis","","","","",,,,76,,,,,,,,,,,,,,,,,,,,,,
"Participatory Practices","Collaborative Learning System","Interface Evaluation","","","",,,,77,,,,,,,,,,,,,,,,,,,,,,
"Design Participativo","Human-Computer Interface","Children","","","",,,,78,,,,,,,,,,,,,,,,,,,,,,
"Manufacturing Systems","Lean Organization","","","","",,,,79,,,,,,,,,,,,,,,,,,,,,,
"Model - Manufacture - Training","Comunicação","","","","",,,,80,,,,,,,,,,,,,,,,,,,,,,
"Organisational Semiotics","Ontology Chart","System Design","","","",,,,81,,,,,,,,,,,,,,,,,,,,,,
"Organisational Semiotics","Organizations","Software Development","","","",,,,82,,,,,,,,,,,,,,,,,,,,,,
"Participatory Practices","Organisational Semiotics","usability","","","",,,,83,,,,,,,,,,,,,,,,,,,,,,
"Design Participativo","Semiotica","customização","","","",,,,84,,,,,,,,,,,,,,,,,,,,,,
"Collaborative Learning System","Collaboration Analysis","","","","",,,,85,,,,,,,,,,,,,,,,,,,,,,
"Organisational Semiotics","Software Development","","","","",,,,86,,,,,,,,,,,,,,,,,,,,,,
"Avaliação de Interfaces","colaboração","Ferramentas de Comunicação Eletrônica","","","",,,,87,,,,,,,,,,,,,,,,,,,,,,
"Interação Humano-Computador","Sistemas de Informação Geográfica","Interfaces","","","",,,,88,,,,,,,,,,,,,,,,,,,,,,
"Acessibilidade","Avaliação de Interfaces","","","","",,,,89,,,,,,,,,,,,,,,,,,,,,,
"Interação Humano-Computador","informática na educação","Educational Software Design","","","",,,,90,,,,,,,,,,,,,,,,,,,,,,
"Interface Evaluation","Geographic Information System","ISO9241","","","",,,,91,,,,,,,,,,,,,,,,,,,,,,
"Collaborative Learning System","Educational Software Design","","","","",,,,92,,,,,,,,,,,,,,,,,,,,,,
"colaboração","informática na educação","Educational Software Design","","","",,,,93,,,,,,,,,,,,,,,,,,,,,,
"Design de Interfaces","Participatory Practices","Avaliação de Interfaces","Criança e Mídia","","",,,,94,,,,,,,,,,,,,,,,,,,,,,
"Acessibilidade","Criança e Mídia","Design de Interfaces","Educacao","","",,,,95,,,,,,,,,,,,,,,,,,,,,,
"Organisational Semiotics","Information Systems","Software Development","","","",,,,96,,,,,,,,,,,,,,,,,,,,,,
"Organisational Semiotics","Information Systems","","","","",,,,97,,,,,,,,,,,,,,,,,,,,,,
"Organisational Semiotics","Tailorable Interfaces","","","","",,,,98,,,,,,,,,,,,,,,,,,,,,,
"Requirements Engineering","Organisational Semiotics","","","","",,,,99,,,,,,,,,,,,,,,,,,,,,,
"customização","Tailorable Interfaces","Children","Interface Design","","",,,,100,,,,,,,,,,,,,,,,,,,,,,
"accessibility","Geographic Information System","","","","",,,,101,,,,,,,,,,,,,,,,,,,,,,
"Sistemas de Informação Geográfica","Avaliação de Interfaces","","","","",,,,102,,,,,,,,,,,,,,,,,,,,,,
"visualization","information visualization","Interface Design","","","",,,,103,,,,,,,,,,,,,,,,,,,,,,
"Communication","Interfaces","Organizações Enxutas","","","",,,,104,,,,,,,,,,,,,,,,,,,,,,
"ambientes virtuais inclusivos","design universal","","","","",,,,105,,,,,,,,,,,,,,,,,,,,,,
"Avaliação de Interfaces","ambientes virtuais inclusivos","","","","",,,,106,,,,,,,,,,,,,,,,,,,,,,
"Design - Usuario - Interface","TV digital interativa","","","","",,,,107,,,,,,,,,,,,,,,,,,,,,,
"accessibility","Web","Human-Computer Interface","ambientes virtuais inclusivos","","",,,,108,,,,,,,,,,,,,,,,,,,,,,
"Acessibilidade","Web","ambientes virtuais inclusivos","Interação Humano-Computador","","",,,,109,,,,,,,,,,,,,,,,,,,,,,
"Requirements Engineering","Organisational Semiotics","Tailorable Interfaces","","","",,,,110,,,,,,,,,,,,,,,,,,,,,,
"e-Gov","Organisational Semiotics","","","","",,,,111,,,,,,,,,,,,,,,,,,,,,,
"Web","Gerenciador de Conteúdo","informática na educação","","","",,,,112,,,,,,,,,,,,,,,,,,,,,,
"TV digital interativa","Design","","","","",,,,114,,,,,,,,,,,,,,,,,,,,,,
"design universal","Acessibilidade","","","","",,,,115,,,,,,,,,,,,,,,,,,,,,,
"Avaliação de Interfaces","Sistemas de Informação Geográfica","Web","","","",,,,116,,,,,,,,,,,,,,,,,,,,,,
"Tailorable Interfaces","System Design","","","","",,,,117,,,,,,,,,,,,,,,,,,,,,,
"usability","Software Development","","","","",,,,118,,,,,,,,,,,,,,,,,,,,,,
"accessibility","interactive digital TV","","","","",,,,119,,,,,,,,,,,,,,,,,,,,,,
"Semiotics","Tailorable Interfaces","","","","",,,,120,,,,,,,,,,,,,,,,,,,,,,
"Design","Tailorable Interfaces","","","","",,,,121,,,,,,,,,,,,,,,,,,,,,,
"Design","Tailorable Interfaces","","","","",,,,122,,,,,,,,,,,,,,,,,,,,,,
"e-Gov","Tailorable Interfaces","","","","",,,,123,,,,,,,,,,,,,,,,,,,,,,
"critical system","Interface Design","","","","",,,,124,,,,,,,,,,,,,,,,,,,,,,
"e-Gov","Interface Design","","","","",,,,125,,,,,,,,,,,,,,,,,,,,,,
"Requirements Engineering","Communication","critical system","","","",,,,126,,,,,,,,,,,,,,,,,,,,,,
"Tailorable Interfaces","Organisational Semiotics","","","","",,,,127,,,,,,,,,,,,,,,,,,,,,,
"informática na educação","Interfaces","","","","",,,,128,,,,,,,,,,,,,,,,,,,,,,
"Interfaces","informática na educação","","","","",,,,129,,,,,,,,,,,,,,,,,,,,,,
"Organisational Semiotics","Children","Design","","","",,,,130,,,,,,,,,,,,,,,,,,,,,,
"interactive digital TV","Interface Design","","","","",,,,131,,,,,,,,,,,,,,,,,,,,,,
"e-Gov","Tailorable Interfaces","","","","",,,,132,,,,,,,,,,,,,,,,,,,,,,
"TV digital interativa","Interface Design","","","","",,,,133,,,,,,,,,,,,,,,,,,,,,,
"Geographic Information System","Organisational Semiotics","Design","","","",,,,134,,,,,,,,,,,,,,,,,,,,,,
"critical system","Communication","Organisational Semiotics","","","",,,,135,,,,,,,,,,,,,,,,,,,,,,
"accessibility","e-Gov","","","","",,,,136,,,,,,,,,,,,,,,,,,,,,,
"Organisational Semiotics","Tailorable Interfaces","","","","",,,,137,,,,,,,,,,,,,,,,,,,,,,
"Design de Interfaces","Desafios da Computação","","","","",,,,138,,,,,,,,,,,,,,,,,,,,,,
"Design de Interfaces","Desafios da Computação","","","","",,,,139,,,,,,,,,,,,,,,,,,,,,,
"Design - Usuario - Interface","Educational Software Design","Sociedade","","","",,,,140,,,,,,,,,,,,,,,,,,,,,,
"TV digital interativa","e-Gov","Design","","","",,,,141,,,,,,,,,,,,,,,,,,,,,,
"e-Gov","Human-Computer Interface","interactive digital TV","Interface Design","","",,,,142,,,,,,,,,,,,,,,,,,,,,,
"e-Gov","interactive digital TV","Interface Design","","","",,,,143,,,,,,,,,,,,,,,,,,,,,,
"accessibility","Web","Avaliação de Interfaces","","","",,,,144,,,,,,,,,,,,,,,,,,,,,,
"Participatory Design","human-computer interaction","Sociedade","","","",,,,145,,,,,,,,,,,,,,,,,,,,,,
"Acessibilidade","Usabilidade","Design de Interfaces","","","",,,,146,,,,,,,,,,,,,,,,,,,,,,
"TV digital interativa","design universal","","","","",,,,147,,,,,,,,,,,,,,,,,,,,,,
"sistemas colaborativos","Organisational Semiotics","","","","",,,,148,,,,,,,,,,,,,,,,,,,,,,
"Avaliação de Interfaces","qualidade afetiva","","","","",,,,149,,,,,,,,,,,,,,,,,,,,,,
"Educação a Distância","Learning Environments","","","","",,,,150,,,,,,,,,,,,,,,,,,,,,,
"interactive digital TV","gesture based interaction","","","","",,,,151,,,,,,,,,,,,,,,,,,,,,,
"cidadania","Brazil","redes sociais inclusivas","Design","","",,,,152,,,,,,,,,,,,,,,,,,,,,,
"cidadania","Brazil","redes sociais inclusivas","Design","","",,,,153,,,,,,,,,,,,,,,,,,,,,,
"critical system","Communication","","","","",,,,154,,,,,,,,,,,,,,,,,,,,,,
"Tailorable Interfaces","design universal","","","","",,,,155,,,,,,,,,,,,,,,,,,,,,,
"Desenvolvimento de Software","Design process","agile process model","design universal","","",,,,156,,,,,,,,,,,,,,,,,,,,,,
"accessibility","Web Usage Mining","visualization","","","",,,,157,,,,,,,,,,,,,,,,,,,,,,
"accessibility","Brazil","cidadania","Desafios da Computação","Design process","",,,,158,,,,,,,,,,,,,,,,,,,,,,
"Communication","inclusive design","","","","",,,,159,,,,,,,,,,,,,,,,,,,,,,
"accessibility","Web Usage Mining","","","","",,,,160,,,,,,,,,,,,,,,,,,,,,,
"redes sociais inclusivas","","","","","",,,,161,,,,,,,,,,,,,,,,,,,,,,
"Communication","inclusive design","human-computer interaction","","","",,,,162,,,,,,,,,,,,,,,,,,,,,,
"usability","TV digital interativa","","","","",,,,163,,,,,,,,,,,,,,,,,,,,,,
"Web","pragmatic web","interaction design","","","",,,,164,,,,,,,,,,,,,,,,,,,,,,
"Game-based Design","interaction design","","","","",,,,165,,,,,,,,,,,,,,,,,,,,,,
"e-Gov","Desafios da Computação","Tailorable Interfaces","","","",,,,166,,,,,,,,,,,,,,,,,,,,,,
"Participatory Design","Semiótica Organizacional","Semiotic System","","","",,,,167,,,,,,,,,,,,,,,,,,,,,,
"TV digital interativa","gesture based interaction","","","","",,,,168,,,,,,,,,,,,,,,,,,,,,,
"redes sociais inclusivas","semantic search","","","","",,,,169,,,,,,,,,,,,,,,,,,,,,,
"flexible interface","Semiotics","","","","",,,,170,,,,,,,,,,,,,,,,,,,,,,
"inclusive social network","semantic search","","","","",,,,171,,,,,,,,,,,,,,,,,,,,,,
"social software","Design","","","","",,,,172,,,,,,,,,,,,,,,,,,,,,,
"social software","value-based design","","","","",,,,173,,,,,,,,,,,,,,,,,,,,,,
"Meta-comunicação","inclusive design","","","","",,,,174,,,,,,,,,,,,,,,,,,,,,,
"Communication","Design","","","","",,,,175,,,,,,,,,,,,,,,,,,,,,,
"accessibility","design universal","","","","",,,,176,,,,,,,,,,,,,,,,,,,,,,
"usability","Web Usage Mining","","","","",,,,177,,,,,,,,,,,,,,,,,,,,,,
"flexible interface","Design","","","","",,,,178,,,,,,,,,,,,,,,,,,,,,,
"Acessibilidade","design universal","Design process","Avaliação de Interfaces","","",,,,179,,,,,,,,,,,,,,,,,,,,,,
"social software","affective quality","","","","",,,,180,,,,,,,,,,,,,,,,,,,,,,
"semantic search","inclusive social network","Semiotic System","","","",,,,181,,,,,,,,,,,,,,,,,,,,,,
"Semiotics","Web","Ontology Chart","","","",,,,182,,,,,,,,,,,,,,,,,,,,,,
"Design","Semiotics","","","","",,,,183,,,,,,,,,,,,,,,,,,,,,,
"critical system","interaction design","","","","",,,,184,,,,,,,,,,,,,,,,,,,,,,
"social software","value-based design","","","","",,,,185,,,,,,,,,,,,,,,,,,,,,,
"social software","Web","","","","",,,,186,,,,,,,,,,,,,,,,,,,,,,
"human-computer interaction","Human-Computer Interface","","","","",,,,187,,,,,,,,,,,,,,,,,,,,,,
"Design","value-based design","","","","",,,,189,,,,,,,,,,,,,,,,,,,,,,
"design universal","inclusive social network","inclusive design","","","",,,,190,,,,,,,,,,,,,,,,,,,,,,
"Geographic Information System","Sistemas de Informação Geográfica","","","","",,,,191,,,,,,,,,,,,,,,,,,,,,,
"accessibility","social software","","","","",,,,192,,,,,,,,,,,,,,,,,,,,,,
"social software","Organisational Semiotics","","","","",,,,193,,,,,,,,,,,,,,,,,,,,,,
"Web","Ontology Chart","Semiotic System","","","",,,,194,,,,,,,,,,,,,,,,,,,,,,
"social software","Semiotics","","","","",,,,195,,,,,,,,,,,,,,,,,,,,,,
"affective quality","Interface","interaction design","","","",,,,196,,,,,,,,,,,,,,,,,,,,,,
"interactive digital TV","Participatory Practices","interaction design","","","",,,,197,,,,,,,,,,,,,,,,,,,,,,
"interactive digital TV","interfaces para dispositivos portáteis","Design","","","",,,,198,,,,,,,,,,,,,,,,,,,,,,
"Design","interaction design","pragmatic web","","","",,,,199,,,,,,,,,,,,,,,,,,,,,,
"Participatory Practices","Learning Environments","","","","",,,,200,,,,,,,,,,,,,,,,,,,,,,
"inclusive social network","inclusive design","semantic search","","","",,,,201,,,,,,,,,,,,,,,,,,,,,,
"inclusive social network","inclusive design","Semiotics","","","",,,,202,,,,,,,,,,,,,,,,,,,,,,
"Web","Semiotics","Ontology Chart","","","",,,,203,,,,,,,,,,,,,,,,,,,,,,
"Design","Children","Interface Design","","","",,,,204,,,,,,,,,,,,,,,,,,,,,,
"social software","value-based design","","","","",,,,205,,,,,,,,,,,,,,,,,,,,,,
"TV digital interativa","Usabilidade","cidadania","Brazil","","",,,,206,,,,,,,,,,,,,,,,,,,,,,
"Tailorable Interfaces","Software Development","","","","",,,,207,,,,,,,,,,,,,,,,,,,,,,
"informática na educação","interfaces para dispositivos portáteis","Learning Environments","","","",,,,208,,,,,,,,,,,,,,,,,,,,,,
"Jogos","learning environment","Design","","","",,,,209,,,,,,,,,,,,,,,,,,,,,,
"interfaces para dispositivos portáteis","learning environment","","","","",,,,210,,,,,,,,,,,,,,,,,,,,,,
"Tailorable Interfaces","System Design","human-computer interaction","","","",,,,211,,,,,,,,,,,,,,,,,,,,,,
"interaction design","gesture based interaction","","","","",,,,212,,,,,,,,,,,,,,,,,,,,,,
"affective quality","Energy Feedback Systems","Design","interaction design","Interface Design","",,,,213,,,,,,,,,,,,,,,,,,,,,,
"affective quality","Children","Design","","","",,,,214,,,,,,,,,,,,,,,,,,,,,,
"value-based design","cultural aspects in design","","","","",,,,215,,,,,,,,,,,,,,,,,,,,,,
"pragmatic web","Design","","","","",,,,216,,,,,,,,,,,,,,,,,,,,,,
"Semiotic System","visualization","Web","Web Usage Mining","","",,,,217,,,,,,,,,,,,,,,,,,,,,,
"affective quality","Educational Software Design","","","","",,,,218,,,,,,,,,,,,,,,,,,,,,,
"pragmatic web","Collaboration Analysis","","","","",,,,219,,,,,,,,,,,,,,,,,,,,,,
"cultural aspects in design","","","","","",,,,220,,,,,,,,,,,,,,,,,,,,,,
"accessibility","Universal Design","Web","","","",,,,221,,,,,,,,,,,,,,,,,,,,,,
"cultural aspects in design","Energy Feedback Systems","","","","",,,,222,,,,,,,,,,,,,,,,,,,,,,
"Sistemas de Informação","Desenvolvimento de Software","Domain Analysis","","","",,,,223,,,,,,,,,,,,,,,,,,,,,,
"accessibility","rich internet applications","","","","",,,,224,,,,,,,,,,,,,,,,,,,,,,
"inclusive design","inclusive social network","","","","",,,,225,,,,,,,,,,,,,,,,,,,,,,
"Energy Feedback Systems","Motivation in Design","","","","",,,,226,,,,,,,,,,,,,,,,,,,,,,
"Análise","human-computer interaction","","","","",,,,227,,,,,,,,,,,,,,,,,,,,,,
"Game-based Design","","","","","",,,,228,,,,,,,,,,,,,,,,,,,,,,
"Energy Feedback Systems","Design de Interfaces","","","","",,,,229,,,,,,,,,,,,,,,,,,,,,,
"human-computer interaction","","","","","",,,,230,,,,,,,,,,,,,,,,,,,,,,
"pragmatic web","collaboration","","","","",,,,231,,,,,,,,,,,,,,,,,,,,,,
"rich internet applications","accessibility","","","","",,,,232,,,,,,,,,,,,,,,,,,,,,,
"Actor-Network Theory","comunidades","social software","","","",,,,233,,,,,,,,,,,,,,,,,,,,,,
"Jogos","Design","","","","",,,,234,,,,,,,,,,,,,,,,,,,,,,
"Acessibilidade","Laptops educacionais","","","","",,,,235,,,,,,,,,,,,,,,,,,,,,,
"Actor-Network Theory","visualization","social software","","","",,,,236,,,,,,,,,,,,,,,,,,,,,,
"Energy Feedback Systems","design de software","","","","",,,,237,,,,,,,,,,,,,,,,,,,,,,
"interactive digital TV","Participatory Practices","Design","","","",,,,238,,,,,,,,,,,,,,,,,,,,,,
"Interface Design","gesture based interaction","Game","","","",,,,239,,,,,,,,,,,,,,,,,,,,,,
"accessibility","Universal Design","","","","",,,,240,,,,,,,,,,,,,,,,,,,,,,
"interaction design","Organisational Semiotics","","","","",,,,241,,,,,,,,,,,,,,,,,,,,,,
"Energy Feedback Systems","Design","","","","",,,,242,,,,,,,,,,,,,,,,,,,,,,
"TV digital interativa","cultural aspects in design","","","","",,,,243,,,,,,,,,,,,,,,,,,,,,,
"learning design","","","","","",,,,244,,,,,,,,,,,,,,,,,,,,,,
"accessibility","Universal Design","Tailorable Interfaces","","","",,,,245,,,,,,,,,,,,,,,,,,,,,,
"human computation","interaction design","Interface Design","","","",,,,246,,,,,,,,,,,,,,,,,,,,,,
"Human-Computer Interface","","","","","",,,,247,,,,,,,,,,,,,,,,,,,,,,
"Actor-Network Theory","","","","","",,,,248,,,,,,,,,,,,,,,,,,,,,,
"Tailorable Interfaces","Interfaces","","","","",,,,249,,,,,,,,,,,,,,,,,,,,,,
"affective quality","Design","Children","","","",,,,250,,,,,,,,,,,,,,,,,,,,,,
"human computation","games with a purpose","Design","","","",,,,251,,,,,,,,,,,,,,,,,,,,,,
"usability","Design","learning design","","","",,,,252,,,,,,,,,,,,,,,,,,,,,,
"interactive digital TV","","","","","",,,,253,,,,,,,,,,,,,,,,,,,,,,
"Design Centrado No Aprendiz","","","","","",,,,254,,,,,,,,,,,,,,,,,,,,,,
"affective quality","Design","","","","",,,,255,,,,,,,,,,,,,,,,,,,,,,
"affective quality","value-based design","","","","",,,,256,,,,,,,,,,,,,,,,,,,,,,
"interactive digital TV","Participatory Practices","Design","","","",,,,257,,,,,,,,,,,,,,,,,,,,,,
"Domain Analysis","Information Systems","spreadsheet patterns interpretation","","","",,,,258,,,,,,,,,,,,,,,,,,,,,,
"Information Systems","survey","","","","",,,,259,,,,,,,,,,,,,,,,,,,,,,
"interactive digital TV","survey","","","","",,,,260,,,,,,,,,,,,,,,,,,,,,,
"cultural aspects in design","human-computer interaction","","","","",,,,261,,,,,,,,,,,,,,,,,,,,,,
"accessibility","assistive technology","","","","",,,,262,,,,,,,,,,,,,,,,,,,,,,
"accessibility","assistive technology","natural user interface","","","",,,,263,,,,,,,,,,,,,,,,,,,,,,
"interactive digital TV","Design","Motivation in Design","","","",,,,264,,,,,,,,,,,,,,,,,,,,,,
"natural user interface","Motivation in Design","tangible user interface","","","",,,,265,,,,,,,,,,,,,,,,,,,,,,
"affective quality","Design","","","","",,,,266,,,,,,,,,,,,,,,,,,,,,,
"Energy Feedback Systems","Motivation in Design","","","","",,,,267,,,,,,,,,,,,,,,,,,,,,,
"learning environment","Design de Interfaces","","","","",,,,268,,,,,,,,,,,,,,,,,,,,,,
"Design","Energy Feedback Systems","","","","",,,,269,,,,,,,,,,,,,,,,,,,,,,
"tangible user interface","Criança e Mídia","Design","","","",,,,270,,,,,,,,,,,,,,,,,,,,,,
"Visualização de Informação","Actor-Network Theory","information visualization","","","",,,,271,,,,,,,,,,,,,,,,,,,,,,
"Collaborative Learning System","Educational Technology","Educational Software Design","","","",,,,272,,,,,,,,,,,,,,,,,,,,,,
"learning design","Software Development","","","","",,,,273,,,,,,,,,,,,,,,,,,,,,,
"inclusive design","Web das coisas","","","","",,,,274,,,,,,,,,,,,,,,,,,,,,,
"face recognition","","","","","",,,,275,,,,,,,,,,,,,,,,,,,,,,
"Semiotic System","usability","","","","",,,,276,,,,,,,,,,,,,,,,,,,,,,
"active learning","agile process model","Design","","","",,,,277,,,,,,,,,,,,,,,,,,,,,,
"ambientes virtuais inclusivos","tangible user interface","","","","",,,,278,,,,,,,,,,,,,,,,,,,,,,
"tangible user interface","Programação","","","","",,,,279,,,,,,,,,,,,,,,,,,,,,,
"tangible user interface","Children","Design","","","",,,,280,,,,,,,,,,,,,,,,,,,,,,
"affective quality","Design","","","","",,,,281,,,,,,,,,,,,,,,,,,,,,,
"Interface","gênero","","","","",,,,282,,,,,,,,,,,,,,,,,,,,,,
"Comunicação","Design","interfaces para dispositivos portáteis","","","",,,,283,,,,,,,,,,,,,,,,,,,,,,
"active learning","interaction design","","","","",,,,284,,,,,,,,,,,,,,,,,,,,,,
"value-based design","Design","","","","",,,,285,,,,,,,,,,,,,,,,,,,,,,
"affective quality","Design","","","","",,,,286,,,,,,,,,,,,,,,,,,,,,,
"visualization","interaction design","","","","",,,,287,,,,,,,,,,,,,,,,,,,,,,
"enactive system","","","","","",,,,288,,,,,,,,,,,,,,,,,,,,,,
"Semiotics","Interface Design","","","","",,,,289,,,,,,,,,,,,,,,,,,,,,,
"pragmatic web","Semiotics","","","","",,,,290,,,,,,,,,,,,,,,,,,,,,,
"Actor-Network Theory","Organisational Semiotics","eScience","","","",,,,291,,,,,,,,,,,,,,,,,,,,,,
"affective quality","Semiotics","","","","",,,,292,,,,,,,,,,,,,,,,,,,,,,
"inclusive social network","pragmatic web","","","","",,,,293,,,,,,,,,,,,,,,,,,,,,,
"Actor-Network Theory","Semiotics","visualization","","","",,,,294,,,,,,,,,,,,,,,,,,,,,,
"Organisational Semiotics","Software Development","","","","",,,,295,,,,,,,,,,,,,,,,,,,,,,
"ambientes virtuais inclusivos","tangible user interface","","","","",,,,296,,,,,,,,,,,,,,,,,,,,,,
"Design","Children","affective quality","","","",,,,297,,,,,,,,,,,,,,,,,,,,,,
"accessibility","interfaces para dispositivos portáteis","inclusive design","","","",,,,298,,,,,,,,,,,,,,,,,,,,,,
"Paradigmas","Design","","","","",,,,299,,,,,,,,,,,,,,,,,,,,,,
"interfaces para dispositivos portáteis","","","","","",,,,300,,,,,,,,,,,,,,,,,,,,,,
"tangible user interface","","","","","",,,,301,,,,,,,,,,,,,,,,,,,,,,
"Web","Web Usage Mining","","","","",,,,304,,,,,,,,,,,,,,,,,,,,,,
"Ensino/Aprendizado","Geometria","Logo","","","",,,,,0,,,,,,,,,,,,,,,,,,,,,
"Ensino/Aprendizado","Geometria","Logo Tri-Dimensional","","","",,,,,1,,,,,,,,,,,,,,,,,,,,,
"Prolog - Tools - Novices - Studies","","","","","",,,,,2,,,,,,,,,,,,,,,,,,,,,
"Entrenamiento - Industrias - Software","","","","","",,,,,3,,,,,,,,,,,,,,,,,,,,,
"Design","Expert System","Training","","","",,,,,4,,,,,,,,,,,,,,,,,,,,,
"Statistical Process Control - SPC","Computer-based game","manufacture","","","",,,,,5,,,,,,,,,,,,,,,,,,,,,
"Educational Software Design","Semiotics","","","","",,,,,6,,,,,,,,,,,,,,,,,,,,,
"Learning in the workplace","Synchronized manufacturing","Game-based Design","","","",,,,,7,,,,,,,,,,,,,,,,,,,,,
"Educational Software","Semiotics","","","","",,,,,8,,,,,,,,,,,,,,,,,,,,,
"Design for the Workplace","Game-based Design","Game-based learning","Synchronous Simulation Game","","",,,,,9,,,,,,,,,,,,,,,,,,,,,
"Interface Design","Communication","","","","",,,,,10,,,,,,,,,,,,,,,,,,,,,
"Participatory Design","Organisational Semiotics","Learning in the workplace","","","",,,,,11,,,,,,,,,,,,,,,,,,,,,
"Cooperative Learning","Design","","","","",,,,,12,,,,,,,,,,,,,,,,,,,,,
"Collaborative Learning System","Facilitator","","","","",,,,,13,,,,,,,,,,,,,,,,,,,,,
"Interfaces","Semiótica","Interação Humano-Computador","","","",,,,,14,,,,,,,,,,,,,,,,,,,,,
"Sistemas de Informação Geográfica","Usabilidade","Usuário","","","",,,,,15,,,,,,,,,,,,,,,,,,,,,
"Design de Interfaces","Semiótica Organizacional","","","","",,,,,16,,,,,,,,,,,,,,,,,,,,,
"Criança e Mídia","Design de Interfaces","design de software","","","",,,,,17,,,,,,,,,,,,,,,,,,,,,
"Interação Humano-Computador","Web","Espaço de Comunicação","","","",,,,,18,,,,,,,,,,,,,,,,,,,,,
"accessibility","e-Gov","Design process","","","",,,,,19,,,,,,,,,,,,,,,,,,,,,
"Organisational Semiotics","Simulation","Interface Flexibility","","","",,,,,20,,,,,,,,,,,,,,,,,,,,,
"Acessibilidade","Usabilidade","Aprendizagem","Web","","",,,,,21,,,,,,,,,,,,,,,,,,,,,
"Jogos","Aprendizagem","Criança","Design","","",,,,,22,,,,,,,,,,,,,,,,,,,,,
"interactive digital TV","usability","Organisational Semiotics","","","",,,,,23,,,,,,,,,,,,,,,,,,,,,
"Collaborative Learning System","design de software","Educação a Distância","","","",,,,,24,,,,,,,,,,,,,,,,,,,,,
"collaboration","Desenvolvimento de Software","design de software","Educação a Distância","","",,,,,25,,,,,,,,,,,,,,,,,,,,,
"Desenvolvimento de Software","design de software","Educational Software","Educacao","","",,,,,26,,,,,,,,,,,,,,,,,,,,,
"e-Gov","inclusive design","","","","",,,,,27,,,,,,,,,,,,,,,,,,,,,
"System Design","Semiotics","Participatory Practices","","","",,,,,28,,,,,,,,,,,,,,,,,,,,,
"TV digital interativa","interactive digital TV","interaction design","","","",,,,,29,,,,,,,,,,,,,,,,,,,,,
"Computer-based game","Design","","","","",,,,,30,,,,,,,,,,,,,,,,,,,,,
"visualization","information visualization","human-computer interaction","","","",,,,,31,,,,,,,,,,,,,,,,,,,,,
"social software","value-based design","","","","",,,,,32,,,,,,,,,,,,,,,,,,,,,
"social software","semantic search","Semiotic System","","","",,,,,33,,,,,,,,,,,,,,,,,,,,,
"Ambientes Virtuais","Aprendizagem","Lean Organization","","","",,,,,34,,,,,,,,,,,,,,,,,,,,,
"affective quality","Design","usability","","","",,,,,35,,,,,,,,,,,,,,,,,,,,,
"social software","Requirements Engineering","","","","",,,,,36,,,,,,,,,,,,,,,,,,,,,
"Information Systems","human-computer interaction","Geographic Information System","","","",,,,,37,,,,,,,,,,,,,,,,,,,,,
"Tailorable Interfaces","Participatory Design","","","","",,,,,38,,,,,,,,,,,,,,,,,,,,,
"Universal Design","Organisational Semiotics","inclusive design","inclusive social network","","",,,,,39,,,,,,,,,,,,,,,,,,,,,
"redes sociais inclusivas","Universal Design","Semiótica","","","",,,,,40,,,,,,,,,,,,,,,,,,,,,
"Design Participativo","Educacao","Semiótica Organizacional","Laptops educacionais","","",,,,,41,,,,,,,,,,,,,,,,,,,,,
"affective quality","Laptops educacionais","Educational Software Design","","","",,,,,42,,,,,,,,,,,,,,,,,,,,,
"value-based design","system evaluation","","","","",,,,,43,,,,,,,,,,,,,,,,,,,,,
"Collaborative Learning System","Collaboration Analysis","pragmatic web","","","",,,,,44,,,,,,,,,,,,,,,,,,,,,
"affective quality","Design","social software","","","",,,,,45,,,,,,,,,,,,,,,,,,,,,
"Actor-Network Theory","","","","","",,,,,46,,,,,,,,,,,,,,,,,,,,,
"cultural aspects in design","human-computer interaction","inclusive social network","","","",,,,,47,,,,,,,,,,,,,,,,,,,,,
"Interface Evaluation","usability","accessibility","design universal","","",,,,,48,,,,,,,,,,,,,,,,,,,,,
"value-based design","","","","","",,,,,49,,,,,,,,,,,,,,,,,,,,,
"inclusive design","","","","","",,,,,50,,,,,,,,,,,,,,,,,,,,,
"cultural aspects in design","TV digital interativa","","","","",,,,,51,,,,,,,,,,,,,,,,,,,,,
"Web das coisas","design universal","","","","",,,,,52,,,,,,,,,,,,,,,,,,,,,
"Energy Feedback Systems","interaction design","cultural aspects in design","","","",,,,,53,,,,,,,,,,,,,,,,,,,,,
"informática na educação","Sociedade","","","","",,,,,54,,,,,,,,,,,,,,,,,,,,,
"tangible user interface","Children","","","","",,,,,55,,,,,,,,,,,,,,,,,,,,,
"accessibility","natural user interface","tangible user interface","","","",,,,,56,,,,,,,,,,,,,,,,,,,,,
"social software","value-based design","Educational Technology","","","",,,,,57,,,,,,,,,,,,,,,,,,,,,
"Conceitos","Computador","Programação","","","",,,,,,0,,,,,,,,,,,,,,,,,,,,
"Programacao","","","","","",,,,,,1,,,,,,,,,,,,,,,,,,,,
"Design de Interfaces","Avaliação de Interfaces","Interação Humano-Computador","","","",,,,,,2,,,,,,,,,,,,,,,,,,,,
"Interação Humano-Computador","Design","Análise","Interface","","",,,,,,3,,,,,,,,,,,,,,,,,,,,
"Acessibilidade","Ambientes Virtuais","ambientes virtuais inclusivos","design universal","","",,,,,,4,,,,,,,,,,,,,,,,,,,,
"Lean Production","Aprendizagem","Design for the Workplace","","","",,,,,,5,,,,,,,,,,,,,,,,,,,,
"human-computer interaction","","","","","",,,,,,6,,,,,,,,,,,,,,,,,,,,
"Acessibilidade","ambientes virtuais inclusivos","","","","",,,,,,7,,,,,,,,,,,,,,,,,,,,
"inclusive design","cidadania","Semiótica Organizacional","Interação Humano-Computador","","",,,,,,8,,,,,,,,,,,,,,,,,,,,
"Aprendizagem","Educational Technology","Metáforas","","","",,,,,,9,,,,,,,,,,,,,,,,,,,,
"Information Systems","Organisational Semiotics","","","","",,,,,,10,,,,,,,,,,,,,,,,,,,,
"Design Participativo","Design Centrado No Aprendiz","informática na educação","Laptops educacionais","","",,,,,,11,,,,,,,,,,,,,,,,,,,,
"Modelling - Simulation - Programming","","","","","",,,,,,,0,,,,,,,,,,,,,,,,,,,
"Modelling - Industrial Application - Learning","","","","","",,,,,,,1,,,,,,,,,,,,,,,,,,,
"Linguagens","Paradigmas","Programacao","","","",,,,,,,2,,,,,,,,,,,,,,,,,,,
"Design","Logica","Programacao","","","",,,,,,,3,,,,,,,,,,,,,,,,,,,
"Conhecimento","Educacao","Informatica","Sociedade","","",,,,,,,4,,,,,,,,,,,,,,,,,,,
"comunicação síncrona","usuário com necessidades especiais","","","","",,,,,,,5,,,,,,,,,,,,,,,,,,,
"espaço virtual","educação inclusiva","","","","",,,,,,,6,,,,,,,,,,,,,,,,,,,
"Interação Humano-Computador","Ensino/Aprendizado","Acessibilidade","Design Participativo","","",,,,,,,7,,,,,,,,,,,,,,,,,,,
"Semiotics","design de software","","","","",,,,,,,8,,,,,,,,,,,,,,,,,,,
"Communication","Software Production","","","","",,,,,,,9,,,,,,,,,,,,,,,,,,,
"Organisational Semiotics","Human-Computer Interface","","","","",,,,,,,10,,,,,,,,,,,,,,,,,,,
"Acessibilidade","Avaliação de Interfaces","Design de Interfaces","human-computer interaction","","",,,,,,,11,,,,,,,,,,,,,,,,,,,
"Acessibilidade","Sistemas de Informação","Web","","","",,,,,,,12,,,,,,,,,,,,,,,,,,,
"Information Systems","Organisational Semiotics","","","","",,,,,,,13,,,,,,,,,,,,,,,,,,,
"Acessibilidade","ambientes virtuais inclusivos","design universal","","","",,,,,,,14,,,,,,,,,,,,,,,,,,,
"Design for the Workplace","Lean Production","Learning in the workplace","","","",,,,,,,15,,,,,,,,,,,,,,,,,,,
"Design","Semiótica","Educacao","","","",,,,,,,16,,,,,,,,,,,,,,,,,,,
"Acessibilidade","ambientes virtuais inclusivos","","","","",,,,,,,17,,,,,,,,,,,,,,,,,,,
"ambientes virtuais inclusivos","Acessibilidade","Avaliação de Interfaces","","","",,,,,,,18,,,,,,,,,,,,,,,,,,,
"Educacao","ferramenta computacional","informática na educação","learning environment","","",,,,,,,19,,,,,,,,,,,,,,,,,,,
"inclusive social network","semantic search","","","","",,,,,,,20,,,,,,,,,,,,,,,,,,,
"Semiotics","flexible interface","","","","",,,,,,,21,,,,,,,,,,,,,,,,,,,
"social software","Design","cultural aspects in design","","","",,,,,,,22,,,,,,,,,,,,,,,,,,,
"Laptops educacionais","informática na educação","","","","",,,,,,,23,,,,,,,,,,,,,,,,,,,
"Laptops educacionais","informática na educação","","","","",,,,,,,24,,,,,,,,,,,,,,,,,,,
"Laptops educacionais","informática na educação","Criança e Mídia","","","",,,,,,,25,,,,,,,,,,,,,,,,,,,
"Laptops educacionais","informática na educação","","","","",,,,,,,26,,,,,,,,,,,,,,,,,,,
"Laptops educacionais","informática na educação","","","","",,,,,,,27,,,,,,,,,,,,,,,,,,,
"Laptops educacionais","informática na educação","","","","",,,,,,,28,,,,,,,,,,,,,,,,,,,
"Semiótica","Aprendizagem","","","","",,,,,,,29,,,,,,,,,,,,,,,,,,,
"informática na educação","Semiótica","","","","",,,,,,,30,,,,,,,,,,,,,,,,,,,
"Laptops educacionais","","","","","",,,,,,,31,,,,,,,,,,,,,,,,,,,
"inclusive design","cidadania","Semiótica Organizacional","Interação Humano-Computador","","",,,,,,,32,,,,,,,,,,,,,,,,,,,
"Design","Semiótica Organizacional","Interação Humano-Computador","","","",,,,,,,33,,,,,,,,,,,,,,,,,,,
"cidadania","colaboração","design de software","social software","","",,,,,,,34,,,,,,,,,,,,,,,,,,,
"social software","cidadania","Design","","","",,,,,,,35,,,,,,,,,,,,,,,,,,,
"inclusive design","inclusive social network","cidadania","","","",,,,,,,36,,,,,,,,,,,,,,,,,,,
"social software","Design","","","","",,,,,,,37,,,,,,,,,,,,,,,,,,,
"inclusive design","inclusive social network","cidadania","","","",,,,,,,38,,,,,,,,,,,,,,,,,,,
"Educational Technology","","","","","",,,,,,,39,,,,,,,,,,,,,,,,,,,
"interactive digital TV","Participatory Design","","","","",,,,,,,40,,,,,,,,,,,,,,,,,,,
"accessibility","rich internet applications","","","","",,,,,,,41,,,,,,,,,,,,,,,,,,,
"Educational Technology","Laptops educacionais","","","","",,,,,,,42,,,,,,,,,,,,,,,,,,,
"Educational Technology","Laptops educacionais","","","","",,,,,,,43,,,,,,,,,,,,,,,,,,,
"Educational Technology","Laptops educacionais","","","","",,,,,,,44,,,,,,,,,,,,,,,,,,,
"Educational Technology","Laptops educacionais","","","","",,,,,,,45,,,,,,,,,,,,,,,,,,,
"Organisational Semiotics","natural user interface","","","","",,,,,,,46,,,,,,,,,,,,,,,,,,,
"Organisational Semiotics","cultural aspects in design","","","","",,,,,,,47,,,,,,,,,,,,,,,,,,,
"interactive digital TV","Organisational Semiotics","","","","",,,,,,,48,,,,,,,,,,,,,,,,,,,
"interactive digital TV","human-computer interaction","","","","",,,,,,,49,,,,,,,,,,,,,,,,,,,
"Organisational Semiotics","human-computer interaction","","","","",,,,,,,50,,,,,,,,,,,,,,,,,,,
"interactive digital TV","Design","","","","",,,,,,,51,,,,,,,,,,,,,,,,,,,
"value-based design","","","","","",,,,,,,52,,,,,,,,,,,,,,,,,,,
"pragmatic web","","","","","",,,,,,,53,,,,,,,,,,,,,,,,,,,
"interactive digital TV","Design","","","","",,,,,,,54,,,,,,,,,,,,,,,,,,,
"affective quality","Design","","","","",,,,,,,55,,,,,,,,,,,,,,,,,,,
"tangible user interface","","","","","",,,,,,,56,,,,,,,,,,,,,,,,,,,
"spreadsheet patterns interpretation","","","","","",,,,,,,57,,,,,,,,,,,,,,,,,,,
"natural user interface","","","","","",,,,,,,58,,,,,,,,,,,,,,,,,,,
"visualization","","","","","",,,,,,,59,,,,,,,,,,,,,,,,,,,
"accessibility","face recognition","interaction design","","","",,,,,,,60,,,,,,,,,,,,,,,,,,,
"Organisational Semiotics","Interface Design","Tailorable Interfaces","","","",,,,,,,64,,,,,,,,,,,,,,,,,,,
"Organisational Semiotics","Information Systems","human-computer interaction","","","",,,,,,,,0,,,,,,,,,,,,,,,,,,
"Acessibilidade","","","","","",,,,,,,,,0,,,,,,,,,,,,,,,,,
"inclusive design","inclusive social network","cidadania","","","",,,,,,,,,1,,,,,,,,,,,,,,,,,
"Organisational Semiotics","System Design","","","","",,,,,,,,,2,,,,,,,,,,,,,,,,,
"Sociedade","Educational Technology","","","","",,,,,,,,,3,,,,,,,,,,,,,,,,,
"Sociedade","Educational Technology","","","","",,,,,,,,,4,,,,,,,,,,,,,,,,,
"Sociedade","Educational Technology","","","","",,,,,,,,,5,,,,,,,,,,,,,,,,,
"Cartografia","Espaço de Comunicação","SIG","","","",,,,,,,,,,0,,,,,,,,,,,,,,,,
"Cartografia","Espaço de Comunicação","SIG","","","",,,,,,,,,,3,,,,,,,,,,,,,,,,
"accessibility","Universal Design","automatic evaluation","","","",,,,,,,,,,4,,,,,,,,,,,,,,,,
"interfaces para dispositivos portáteis","interactive digital TV","","","","",,,,,,,,,,,0,,,,,,,,,,,,,,,
"Cartografia","Sistemas de Informação Geográfica","Semiótica","","","",,,,,,,,,,,,0,,,,,,,,,,,,,,
"Heuristic evaluation","Design","human-computer interaction","","","",,,,,,,,,,,,1,,,,,,,,,,,,,,
"Interface","Design","Semiotics","","","",,,,,,,,,,,,2,,,,,,,,,,,,,,
"SIG","Interface","Processo Cartográfico","","","",,,,,,,,,,,,3,,,,,,,,,,,,,,
"Interface","Comunicação","design de software","","","",,,,,,,,,,,,4,,,,,,,,,,,,,,
"Avaliação de Interfaces","Design de Interfaces","","","","",,,,,,,,,,,,5,,,,,,,,,,,,,,
"Sistemas de Informação Geográfica","Design de Interfaces","Design","","","",,,,,,,,,,,,6,,,,,,,,,,,,,,
"Pesquisa Qualitativa","Sistemas de Informação","","","","",,,,,,,,,,,,7,,,,,,,,,,,,,,
"Semiotica - Interface - Analise","Educacao","","","","",,,,,,,,,,,,8,,,,,,,,,,,,,,
"TV digital interativa","","","","","",,,,,,,,,,,,9,,,,,,,,,,,,,,
"Educacao","colaboração","Interfaces","","","",,,,,,,,,,,,10,,,,,,,,,,,,,,
"cidadania","redes sociais inclusivas","","","","",,,,,,,,,,,,11,,,,,,,,,,,,,,
"cidadania","Semiótica Organizacional","","","","",,,,,,,,,,,,12,,,,,,,,,,,,,,
"System Design","","","","","",,,,,,,,,,,,13,,,,,,,,,,,,,,
"sistemas colaborativos","","","","","",,,,,,,,,,,,14,,,,,,,,,,,,,,
"Tailorable Interfaces","","","","","",,,,,,,,,,,,15,,,,,,,,,,,,,,
"Ambientes Virtuais","Aprendizagem","","","","",,,,,,,,,,,,16,,,,,,,,,,,,,,
"redes sociais inclusivas","","","","","",,,,,,,,,,,,17,,,,,,,,,,,,,,
"human-computer interaction","Design process","","","","",,,,,,,,,,,,18,,,,,,,,,,,,,,
"Design process","","","","","",,,,,,,,,,,,19,,,,,,,,,,,,,,
"Web","Desenvolvimento de Software","Design","","","",,,,,,,,,,,,20,,,,,,,,,,,,,,
"Acessibilidade","Usabilidade","Design process","Web","","",,,,,,,,,,,,21,,,,,,,,,,,,,,
"Semiótica","Interface","Design","","","",,,,,,,,,,,,22,,,,,,,,,,,,,,
"Desafios da Computação","","","","","",,,,,,,,,,,,,0,,,,,,,,,,,,,
"Interface","cidadania","","","","",,,,,,,,,,,,,1,,,,,,,,,,,,,
"Design","Semiotics","","","","",,,,,,,,,,,,,2,,,,,,,,,,,,,
"Human-Computer Interface","","","","","",,,,,,,,,,,,,3,,,,,,,,,,,,,
"codesign","socially-aware design","","","","",,,,,,,,,,,,,4,,,,,,,,,,,,,
"informática na educação","","","","","",,,,,,,,,,,,,5,,,,,,,,,,,,,
"Criança e Mídia","Design","","","","",,,,,,,,,,,,,6,,,,,,,,,,,,,
"interaction design","","","","","",,,,,,,,,,,,,7,,,,,,,,,,,,,
"Organisational Semiotics","","","","","",,,,,,,,,,,,,8,,,,,,,,,,,,,
"informática na educação","","","","","",,,,,,,,,,,,,9,,,,,,,,,,,,,
"Interação Humano-Computador","","","","","",,,,,,,,,,,,,10,,,,,,,,,,,,,
"Interação Humano-Computador","","","","","",,,,,,,,,,,,,11,,,,,,,,,,,,,
"Brazil","informática na educação","","","","",,,,,,,,,,,,,12,,,,,,,,,,,,,
"ambientes virtuais inclusivos","","","","","",,,,,,,,,,,,,13,,,,,,,,,,,,,
"ambientes virtuais inclusivos","","","","","",,,,,,,,,,,,,14,,,,,,,,,,,,,
"human-computer interaction","","","","","",,,,,,,,,,,,,15,,,,,,,,,,,,,
"fatores humanos","Interfaces","Interação Humano-Computador","","","",,,,,,,,,,,,,,0,,,,,,,,,,,,
"informática na educação","","","","","",,,,,,,,,,,,,,1,,,,,,,,,,,,
"Ambientes Virtuais","Aprendizagem","Interface","Interação Humano-Computador","","",,,,,,,,,,,,,,13,,,,,,,,,,,,
"Organisational Semiotics","human-computer interaction","","","","",,,,,,,,,,,,,,14,,,,,,,,,,,,
"Laptops educacionais","Educational Technology","","","","",,,,,,,,,,,,,,16,,,,,,,,,,,,
"human-computer interaction","Grand Challenges","","","","",,,,,,,,,,,,,,17,,,,,,,,,,,,
"Collaborative Learning System","Educational Software Design","","","","",,,,,,,,,,,,,,18,,,,,,,,,,,,
"Cooperative Learning","","","","","",,,,,,,,,,,,,,19,,,,,,,,,,,,
"Human-Computer Interface","human-computer interaction","","","","",,,,,,,,,,,,,,20,,,,,,,,,,,,
"Organisational Semiotics","","","","","",,,,,,,,,,,,,,21,,,,,,,,,,,,
"Simulacao - Interface - Aprendizado","","","","","",,,,,,,,,,,,,,,0,,,,,,,,,,,
"Modelagem - Simulacao - Design","","","","","",,,,,,,,,,,,,,,1,,,,,,,,,,,
"Critico","Design","Sistema Especialista","","","",,,,,,,,,,,,,,,2,,,,,,,,,,,
"Manufatura","Modelagem","Simulacao","","","",,,,,,,,,,,,,,,3,,,,,,,,,,,
"Semiótica","Interfaces","Ferramentas de Comunicação Eletrônica","","","",,,,,,,,,,,,,,,4,,,,,,,,,,,
"Cooperative Learning","Comunicação Eletrônica","educação inclusiva","","","",,,,,,,,,,,,,,,5,,,,,,,,,,,
"Design Participativo","CSCW","Design for the Workplace","","","",,,,,,,,,,,,,,,6,,,,,,,,,,,
"Semiótica","Cartografia","Design de Interfaces","","","",,,,,,,,,,,,,,,7,,,,,,,,,,,
"Interface","Sistemas de Informação Geográfica","Espaço de Comunicação","","","",,,,,,,,,,,,,,,8,,,,,,,,,,,
"Criança","Design Participativo","Design de Interfaces","Semiótica","","",,,,,,,,,,,,,,,9,,,,,,,,,,,
"Domain-Oriented Application","Ferramentas de Comunicação Eletrônica","Interação Humano-Computador","Lean Organization","","",,,,,,,,,,,,,,,10,,,,,,,,,,,
"Semiótica Organizacional","Desenvolvimento de Software","","","","",,,,,,,,,,,,,,,11,,,,,,,,,,,
"Design Participativo","Requisitos de Usuário","","","","",,,,,,,,,,,,,,,12,,,,,,,,,,,
"Web","Gerenciador de Conteudo","","","","",,,,,,,,,,,,,,,13,,,,,,,,,,,
"Visualização de Informação","Interfaces","Mecanismos de Busca","","","",,,,,,,,,,,,,,,14,,,,,,,,,,,
"Comunicação","Processo Comunicativo","Organizações Enxutas","Interfaces","","",,,,,,,,,,,,,,,15,,,,,,,,,,,
"Design de Interfaces","Linguagens","interfaces para dispositivos portáteis","","","",,,,,,,,,,,,,,,16,,,,,,,,,,,
"Usabilidade","Web","Avaliação de Interfaces","","","",,,,,,,,,,,,,,,17,,,,,,,,,,,
"Semiótica Organizacional","Requirements Engineering","","","","",,,,,,,,,,,,,,,18,,,,,,,,,,,
"customização","Design Participativo","Educational Software Design","Human-Computer Interface","Semiotics","",,,,,,,,,,,,,,,19,,,,,,,,,,,
"Design Participativo","Requirements Engineering","Sistemas de Informação","","","",,,,,,,,,,,,,,,20,,,,,,,,,,,
"TV digital interativa","e-Gov","Design de Interfaces","","","",,,,,,,,,,,,,,,21,,,,,,,,,,,
"e-Gov","Interface Design","","","","",,,,,,,,,,,,,,,22,,,,,,,,,,,
"accessibility","Human-Computer Interface","","","","",,,,,,,,,,,,,,,23,,,,,,,,,,,
"Educação a Distância","Collaborative Learning System","","","","",,,,,,,,,,,,,,,24,,,,,,,,,,,
"Semiótica Organizacional","design de software","","","","",,,,,,,,,,,,,,,25,,,,,,,,,,,
"Ferramentas de Comunicação Eletrônica","Design de Interfaces","redes sociais inclusivas","","","",,,,,,,,,,,,,,,26,,,,,,,,,,,
"redes sociais inclusivas","Semiotic System","Web","","","",,,,,,,,,,,,,,,27,,,,,,,,,,,
"Geographic Information System","Interface Design","","","","",,,,,,,,,,,,,,,28,,,,,,,,,,,
"TV digital interativa","Software Development","Sociedade","","","",,,,,,,,,,,,,,,29,,,,,,,,,,,
"Design process","Computer-based game","Cooperative Learning","Design - Usuario - Interface","","",,,,,,,,,,,,,,,30,,,,,,,,,,,
"Collaborative Learning System","","","","","",,,,,,,,,,,,,,,31,,,,,,,,,,,
"Acessibilidade","Design de Interfaces","","","","",,,,,,,,,,,,,,,32,,,,,,,,,,,
"Educational Technology","tangible user interface","","","","",,,,,,,,,,,,,,,33,,,,,,,,,,,
"usability","Semiotic System","","","","",,,,,,,,,,,,,,,34,,,,,,,,,,,
"tangible user interface","program paradigms","","","","",,,,,,,,,,,,,,,35,,,,,,,,,,,
"Usabilidade","Interfaces","Interação Humano-Computador","","","",,,,,,,,,,,,,,,36,,,,,,,,,,,
"Design process","Semiotics","human-computer interaction","","","",,,,,,,,,,,,,,,,0,,,,,,,,,,
"Communication","Design process","Interface Design","","","",,,,,,,,,,,,,,,,1,,,,,,,,,,
"Collaborative Learning System","Cooperative Learning","Design de Interfaces","Facilitator","","",,,,,,,,,,,,,,,,2,,,,,,,,,,
"Semiótica Organizacional","Design Participativo","Trabalho Cooperativo Apoiado por Computador","","","",,,,,,,,,,,,,,,,3,,,,,,,,,,
"Interação Humano-Computador","Sistemas de Informação Geográfica","Avaliação de Interfaces","","","",,,,,,,,,,,,,,,,4,,,,,,,,,,
"critical system","Design","Design process","","","",,,,,,,,,,,,,,,,5,,,,,,,,,,
"Acessibilidade","design universal","sistemas colaborativos","","","",,,,,,,,,,,,,,,,7,,,,,,,,,,
"TV digital interativa","Design","","","","",,,,,,,,,,,,,,,,8,,,,,,,,,,
"Acessibilidade","design universal","Design de Interfaces","Web","","",,,,,,,,,,,,,,,,9,,,,,,,,,,
"Web Usage Mining","Acessibilidade","design universal","","","",,,,,,,,,,,,,,,,10,,,,,,,,,,
"redes sociais inclusivas","value-based design","","","","",,,,,,,,,,,,,,,,11,,,,,,,,,,
"pragmatic web","Semiotics","","","","",,,,,,,,,,,,,,,,12,,,,,,,,,,
"Energy Feedback Systems","Design","","","","",,,,,,,,,,,,,,,,13,,,,,,,,,,
"qualidade afetiva","Interface Design","","","","",,,,,,,,,,,,,,,,14,,,,,,,,,,
"tangible user interface","Theatre","Children","","","",,,,,,,,,,,,,,,,16,,,,,,,,,,
"learning design","","","","","",,,,,,,,,,,,,,,,17,,,,,,,,,,
"accessibility","System Design","natural user interface","","","",,,,,,,,,,,,,,,,18,,,,,,,,,,
"human computation","human-computer interaction","games with a purpose","Game-based Design","","",,,,,,,,,,,,,,,,19,,,,,,,,,,
"TV digital interativa","Interfaces","","","","",,,,,,,,,,,,,,,,,0,,,,,,,,,
"accessibility","Web","Collaboration Analysis","rich internet applications","","",,,,,,,,,,,,,,,,,1,,,,,,,,,
"Acessibilidade","Software Development","Tailorable Interfaces","Universal Design","","",,,,,,,,,,,,,,,,,2,,,,,,,,,
"Organisational Semiotics","Design","social software","","","",,,,,,,,,,,,,,,,,6,,,,,,,,,
"Desenvolvimento de Software","Comunicação Eletrônica","Desafios da Computação","","","",,,,,,,,,,,,,,,,,,0,,,,,,,,
"Agent - Trainig - Critics","","","","","",,,,,,,,,,,,,,,,,,,0,,,,,,,
"Training - Industries - Manufacture","","","","","",,,,,,,,,,,,,,,,,,,1,,,,,,,
"Bancos de Dados","","","","","",,,,,,,,,,,,,,,,,,,,1,,,,,,
"Semiotica - Interface - Analise","Web","Usabilidade","","","",,,,,,,,,,,,,,,,,,,,,0,,,,,
"Ontology Chart","Organisational Semiotics","Interface","","","",,,,,,,,,,,,,,,,,,,,,9,,,,,
"Ambientes Virtuais","Aprendizagem","Interação Humano-Computador","","","",,,,,,,,,,,,,,,,,,,,,,1,,,,
"Human-Computer Interface","Educacao","","","","",,,,,,,,,,,,,,,,,,,,,,,2,,,
"Educação a Distância","","","","","",,,,,,,,,,,,,,,,,,,,,,,,0,,
"affective quality","Design","","","","",,,,,,,,,,,,,,,,,,,,,,,,,0,
"human-computer interaction","comunidades","cultural aspects in design","","","",,,,,,,,,,,,,,,,,,,,,,,,,1,
"tangible user interface","Design de Interfaces","","","","",,,,,,,,,,,,,,,,,,,,,,,,,2,
"tangible user interface","","","","","",,,,,,,,,,,,,,,,,,,,,,,,,,0
"natural user interface","","","","","",,,,,,,,,,,,,,,,,,,,,,,,,,1
"TV digital interativa","Semiótica Organizacional","Semiotica - Interface - Analise","","","",,,,,,,,,,,,,,,,,,,,,,,,,,3
