NATUREZA,TITULO,ANO,PAIS,IDIOMA,FLAG-RELEVANCIA,DOI,TITULO-INGLES,FLAG-DIVULGACAO-CIENTIFICA,APRESENTACAO-DE-TRABALHO_Id
"CONGRESSO","Evolução recente da ocupação e rendimentos do trabalho de homens e mulheres no Brasil","2006","Espanha","Português","NAO","","","NAO",0
"CONGRESSO","Ocupação, Rendimentos e Gênero: Uma Comparação Brasil e Chile","2006","México","Português","NAO","","","NAO",1
"CONFERENCIA","Labor income differences: a comparision between Brazil and Argentina. Trabalho a ser apresentado no: XXVI IUSSP Internacional Population Conference, entre os dias 27 de setembro e 02 de outubro de 2009.","2009","Marrocos","Inglês","NAO","","","NAO",2
"COMUNICACAO","Diferenças de renda do trabalho no Brasil: 2004 e 2007. Trabalho a ser apresentado no: XI Encontro Nacional da ABET, entre os dias 28 de setembro a 01 de outubro de 2009.","2009","Brasil","Português","NAO","","","NAO",3
"CONGRESSO","Determinantes da desigualdade no mercado de trabalho: um estudo comparativo entre Brasil e Argentina. XXVIII International Congress - LASA - Latin American Studies Association","2009","Brasil","Português","NAO","","","NAO",4
"CONFERENCIA","Brazilian Women in the Labour Market","2008","Alemanha","Alemão","NAO","","","NAO",5
"COMUNICACAO","A mulher na recuperação recente do mercado de trabalho brasileiro.","2008","Brasil","Português","NAO","","","NAO",6
"CONGRESSO","Diferenças de renda do trabalho: uma comparação entre Brasil e Argentina.","2008","Argentina","Português","NAO","","","NAO",7
"COMUNICACAO","Formalização dos contratos de trabalho e salários no Nordeste.","2007","Brasil","Português","NAO","","","NAO",8
"CONGRESSO","Trabajo Remunerado de las mujeres e ingreso de las familias brasileñas: 1981-2005.","2007","Brasil","Português","NAO","","","NAO",9
"COMUNICACAO","Diferenças de rendimento do trabalho de homens e mulheres com educação superior nas metrópoles.","2006","Brasil","Português","NAO","","","NAO",10
"COMUNICACAO","Ocupação e Redimento dos Trabalhadores nas Metrópoles do Brasil: uma análise de gênero em 1992 e 2002.","2005","Brasil","Português","NAO","","","NAO",11
"COMUNICACAO","Mercado de trabalho Metropolitano: gênero e diferenças de rendimento.","2005","Brasil","Português","NAO","","","NAO",12
"OUTRA","Estructura Ocupacional, diversidad de remuneraciones y género en regiones metropolitanas de Brasil.","2005","Brasil","Português","NAO","","","NAO",13
"COMUNICACAO","População ocupada, escolaridade e rendimentos: uma comparação entre homens e mulheres em regiões metropolitanas.","2004","Brasil","Português","NAO","","","NAO",14
"SEMINARIO","Renda Domiciliar, pobreza e desigualdade no Estado de São Paulo","2009","Brasil","Português","NAO","","","NAO",15
"COMUNICACAO","Gender, Demographic Change, Education and Social Mobility in Brazil","2009","Inglaterra","Inglês","NAO","","","NAO",16
"SEMINARIO","O Perfil dos Trabalhadores e Trabalhadoras na Economia Informal","2009","Brasil","Português","NAO","","Profile of Men and Women Workers in the Informal Economy","NAO",17
"CONFERENCIA","Economic Growth, Employment and Labour Market Regulation in Brazil","2010","Alemanha","Inglês","NAO","","","NAO",18
"SEMINARIO","A desigualdade de gênero no mercado de trabalho - avanços e desafios.","2011","Brasil","Português","NAO","","","NAO",19
"COMUNICACAO","População economicamente ativa, mercado de trabalho e gênero na retomada do crescimento econômico (2004-2008)","2010","Brasil","Português","NAO","","","NAO",20
"SEMINARIO","Política Econômica y Trabajo em Brasil y México: Análisis de la Experiencia Reciente","2010","México","Espanhol","NAO","","","NAO",21
"CONGRESSO","Mercado de trabalho e crescimento da economia brasileira (2004-2008)","2010","Canadá","Inglês","NAO","","","NAO",22
"CONFERENCIA","Economic growth and the labour market in Brazil: route and challenges.","2010","Inglaterra","Inglês","NAO","","","NAO",23
"CONGRESSO","Evolução do mercado de trabalho brasileiro nos anos 2000","2012","Brasil","Português","NAO","","","NAO",24
"CONFERENCIA","Relaciones Laborales","2010","Chile","Espanhol","NAO","","","NAO",25
"CONGRESSO","La Inserción laboral y regulamentación del trabajo de las mujeres en Brasil.","2009","Brasil","Português","NAO","","","NAO",26
"CONGRESSO","Evolução na Estrutura Familiar e sua Associação com a Condição de Pobreza das Famílias Brasileiras","2007","Brasil","Português","NAO","","","NAO",27
"CONGRESSO","Cambios en la composición de las familias e impactos sobre la distribución del ingreso y reducción de la pobreza en Brasil.","2007","Brasil","Português","NAO","","","NAO",28
"OUTRA","Mercado de Trabalho e Distribuição de Renda no Brasil","2007","Brasil","Português","NAO","","","NAO",29
"SEMINARIO","Perspectivas do Emprego Formal em um Cenário de Crescimento da Economia","2007","Brasil","Português","NAO","","","NAO",30
"CONFERENCIA","Desigualdade de rendimentos de homens e mulheres no mercado de trabalho","2005","Brasil","Português","NAO","","","NAO",31
"CONGRESSO","XXX Internacional Congress of the Latin Ameriacan Studies Association","2012","Estados Unidos","Português","NAO","","","NAO",32
"CONGRESSO","Brasil y México: dos experiencias de inserción en la globalización y sus repercusiones","2012","Austria","Espanhol","NAO","","","NAO",33
"CONGRESSO","Um balanço da desigualdade de gênero no mercado de trabalho brasileiro","2012","Uruguai","Português","NAO","","","NAO",34
"CONGRESSO","Evolução do mercado de trabalho brasileiro nos anos 2000","2012","Austria","Português","NAO","","","NAO",35
"CONFERENCIA","A situação da mulher no mercado de trabalho nos anos 2000.","2014","Brasil","Português","NAO","","","NAO",36
"CONFERENCIA","Growth with social inclusion and low income labor market in Brazil.","2015","Estados Unidos","Inglês","NAO","","","NAO",37
"CONGRESSO","Crescimento com incluso social e mercado de trabalho de baixa renda no Brasil","2016","Espanha","Espanhol","NAO","","","NAO",38
"CONGRESSO","GT 14 ' Dinâmica demográfica e mercado de trabalho'","2015","Brasil","Português","NAO","","","NAO",39
"CONFERENCIA","Effects of the recession on the Brazilian labour market: 2015-2016","2017","Brasil","Português","NAO","","","NAO",40
"OUTRA","O emprego assalariado nos anos 200: mudanças de composição e de renda por idade e sexo","2014","Brasil","Português","NAO","","","NAO",41
"CONFERENCIA","Palestra 'A situação da mulher no mercado de trabalho'","2014","Brasil","Português","NAO","","","NAO",42
"CONFERENCIA","Inserção das Mulheres no Mercado de Trabalho - IBGE","2016","Brasil","Português","NAO","","","NAO",43
